,sum_sq,df,F,PR(>F)
C(Group),174818.85405781938,5.0,2.0640085984424337,0.08487290796575196
Residual,880866.5252525252,52.0,,
