,sum_sq,df,F,PR(>F),eta2,partial_eta2,omega2
C(Prenatal),1144073.2257777809,1.0,6.974181886362561,0.010893853232322986,0.11596849362629202,0.11825822187412657,0.09771539909313391
C(Drug),158898.08071221484,2.0,0.48431520435570136,0.6188702397154462,0.016106636048385005,0.018286869062638603,0.0
C(Prenatal):C(Drug),32116.448969697038,2.0,0.0978896943010248,0.9069156076751956,0.0032554701252705234,0.0037508662749234046,0.0
Residual,8530291.969696969,52.0,,,,,
